time,pm2.5,pm10
2021/01/11-14:06:02,0.80,2.60
2021/01/11-14:06:04,0.70,1.80
2021/01/11-14:06:05,0.60,1.50
2021/01/11-14:06:06,0.60,5.20
2021/01/11-14:06:07,0.70,5.40
2021/01/11-14:06:08,0.60,4.60
2021/01/11-14:06:09,0.60,4.00
2021/01/11-14:06:10,0.60,3.90
2021/01/11-14:06:11,0.60,3.60
2021/01/11-14:06:12,0.60,3.30
2021/01/11-14:06:13,0.60,3.10
2021/01/11-14:06:14,0.60,3.10
2021/01/11-14:06:15,0.60,3.80
2021/01/11-14:06:16,0.60,3.60
2021/01/11-14:06:17,0.60,3.70
2021/01/11-14:06:18,0.60,3.50
2021/01/11-14:06:19,0.60,3.40
2021/01/11-14:06:20,0.60,3.30
2021/01/11-14:06:21,0.60,3.30
2021/01/11-14:06:22,0.60,3.20
2021/01/11-14:06:23,0.60,3.00
2021/01/11-14:06:24,0.60,3.00
2021/01/11-14:06:25,0.60,2.90
2021/01/11-14:06:26,0.60,2.80
2021/01/11-14:06:27,0.60,2.80
2021/01/11-14:06:28,0.60,2.70
2021/01/11-14:06:29,0.60,2.90
2021/01/11-14:06:30,0.60,3.00
2021/01/11-14:06:31,0.70,3.20
2021/01/11-14:06:32,0.70,3.10
2021/01/11-14:06:33,0.70,3.00
2021/01/11-14:06:34,0.70,3.00
2021/01/11-14:06:35,0.70,3.00
2021/01/11-14:06:36,0.60,2.30
2021/01/11-14:06:37,0.60,2.30
2021/01/11-14:06:38,0.70,2.40
2021/01/11-14:06:39,0.60,2.40
2021/01/11-14:06:40,0.60,2.30
2021/01/11-14:06:41,0.60,2.30
2021/01/11-14:06:42,0.60,2.60
2021/01/11-14:06:43,0.70,3.50
2021/01/11-14:06:44,0.60,3.30
2021/01/11-14:06:45,0.60,3.00
2021/01/11-14:06:46,0.60,2.90
2021/01/11-14:06:47,0.60,2.90
2021/01/11-14:06:48,0.70,3.00
2021/01/11-14:06:49,0.70,3.20
2021/01/11-14:06:50,0.70,3.20
2021/01/11-14:06:51,0.70,3.10
2021/01/11-14:06:52,0.70,3.10
2021/01/11-14:06:53,0.70,3.80
2021/01/11-14:06:54,0.70,3.90
2021/01/11-14:06:55,0.70,4.00
2021/01/11-14:06:56,0.70,4.10
2021/01/11-14:06:57,0.70,4.00
2021/01/11-14:06:58,0.70,4.20
2021/01/11-14:06:59,0.70,4.10
2021/01/11-14:07:00,0.70,4.00
2021/01/11-14:07:01,0.60,4.50
2021/01/11-14:07:02,0.60,4.50
2021/01/11-14:07:03,0.60,4.60
2021/01/11-14:07:04,0.60,4.60
2021/01/11-14:07:05,0.70,4.90
2021/01/11-14:07:06,0.70,5.20
2021/01/11-14:07:07,0.70,5.20
2021/01/11-14:07:08,0.70,5.30
2021/01/11-14:07:09,0.70,5.30
2021/01/11-14:07:10,0.70,5.30
2021/01/11-14:07:12,0.70,5.20
2021/01/11-14:07:13,0.70,4.90
2021/01/11-14:07:14,0.70,4.00
2021/01/11-14:07:15,0.70,4.10
2021/01/11-14:07:16,0.70,4.30
2021/01/11-14:07:17,0.70,4.30
2021/01/11-14:07:18,0.70,4.20
2021/01/11-14:07:19,0.60,4.20
2021/01/11-14:07:20,0.70,4.40
2021/01/11-14:07:21,0.80,4.60
2021/01/11-14:07:22,0.80,4.70
2021/01/11-14:07:23,0.80,4.70
2021/01/11-14:07:24,0.80,4.10
2021/01/11-14:07:25,0.70,4.20
2021/01/11-14:07:26,0.70,4.10
2021/01/11-14:07:27,0.70,4.00
2021/01/11-14:07:28,0.80,4.20
2021/01/11-14:07:29,0.80,4.10
2021/01/11-14:07:30,0.70,4.00
2021/01/11-14:07:31,0.70,3.90
2021/01/11-14:07:32,0.70,3.20
2021/01/11-14:07:33,0.70,3.20
2021/01/11-14:07:34,0.70,3.20
2021/01/11-14:07:35,0.70,3.20
2021/01/11-14:07:36,0.70,3.00
2021/01/11-14:07:37,0.80,2.80
2021/01/11-14:07:38,0.70,2.60
2021/01/11-14:07:39,0.70,2.60
2021/01/11-14:07:40,0.70,2.60
2021/01/11-14:07:41,0.80,2.60
2021/01/11-14:07:42,0.80,2.70
2021/01/11-14:07:43,0.80,2.70
2021/01/11-14:07:44,0.80,2.80
2021/01/11-14:07:45,0.80,2.80
2021/01/11-14:07:46,0.80,2.60
2021/01/11-14:07:47,0.80,2.70
2021/01/11-14:07:48,0.80,2.70
2021/01/11-14:07:49,0.80,2.60
2021/01/11-14:07:50,0.70,2.20
2021/01/11-14:07:51,0.70,2.00
2021/01/11-14:07:52,0.70,1.90
2021/01/11-14:07:53,0.70,1.80
2021/01/11-14:07:54,0.70,1.90
2021/01/11-14:07:55,0.70,1.50
2021/01/11-14:07:56,0.70,1.50
2021/01/11-14:07:57,0.70,1.60
2021/01/11-14:07:58,0.60,1.40
2021/01/11-14:07:59,0.60,1.40
2021/01/11-14:08:00,0.60,1.50
2021/01/11-14:08:01,0.60,1.90
2021/01/11-14:08:02,0.70,2.10
2021/01/11-14:08:03,0.70,2.10
2021/01/11-14:08:04,0.70,1.90
2021/01/11-14:08:05,0.70,1.90
2021/01/11-14:08:06,0.70,2.00
2021/01/11-14:08:07,0.60,1.90
2021/01/11-14:08:08,0.60,2.00
2021/01/11-14:08:09,0.60,2.00
2021/01/11-14:08:10,0.60,2.00
2021/01/11-14:08:11,0.60,2.40
2021/01/11-14:08:12,0.60,2.30
2021/01/11-14:08:13,0.60,2.40
2021/01/11-14:08:14,0.60,2.20
2021/01/11-14:08:15,0.60,2.10
2021/01/11-14:08:16,0.60,2.40
2021/01/11-14:08:17,0.60,2.40
2021/01/11-14:08:18,0.60,2.80
2021/01/11-14:08:19,0.60,4.70
2021/01/11-14:08:20,0.60,4.70
2021/01/11-14:08:21,0.60,4.70
2021/01/11-14:08:22,0.70,5.20
2021/01/11-14:08:23,0.70,6.00
2021/01/11-14:08:24,0.70,6.00
2021/01/11-14:08:25,0.70,6.20
2021/01/11-14:08:26,0.80,7.10
2021/01/11-14:08:27,0.80,7.10
2021/01/11-14:08:28,0.80,8.70
2021/01/11-14:08:29,0.90,9.40
2021/01/11-14:08:30,1.00,11.50
2021/01/11-14:08:31,1.10,11.40
2021/01/11-14:08:32,1.10,14.20
2021/01/11-14:08:33,1.10,15.50
2021/01/11-14:08:34,1.30,21.10
2021/01/11-14:08:35,1.50,25.50
2021/01/11-14:08:36,1.60,25.60
2021/01/11-14:08:37,1.60,27.30
2021/01/11-14:08:38,1.60,28.40
2021/01/11-14:08:39,1.70,30.70
2021/01/11-14:08:40,1.70,30.70
2021/01/11-14:08:41,1.70,31.10
2021/01/11-14:08:42,1.70,32.10
2021/01/11-14:08:43,1.70,33.10
2021/01/11-14:08:44,1.70,34.50
2021/01/11-14:08:45,1.80,35.20
2021/01/11-14:08:46,1.90,39.60
2021/01/11-14:08:47,1.90,41.00
2021/01/11-14:08:48,2.00,40.90
2021/01/11-14:08:49,1.90,40.40
2021/01/11-14:08:50,2.00,41.60
2021/01/11-14:08:51,2.00,42.40
2021/01/11-14:08:52,2.00,42.10
2021/01/11-14:08:53,2.00,41.50
2021/01/11-14:08:54,2.10,42.80
2021/01/11-14:08:55,2.10,45.80
2021/01/11-14:08:56,2.10,46.60
2021/01/11-14:08:57,2.10,47.50
2021/01/11-14:08:58,2.10,46.70
2021/01/11-14:08:59,2.10,47.50
2021/01/11-14:09:00,2.00,49.30
2021/01/11-14:09:01,2.00,50.80
2021/01/11-14:09:02,2.00,49.20
2021/01/11-14:09:03,1.90,50.40
2021/01/11-14:09:04,1.80,46.20
2021/01/11-14:09:05,1.60,41.90
2021/01/11-14:09:06,1.50,41.80
2021/01/11-14:09:07,1.60,45.00
2021/01/11-14:09:08,1.60,44.90
2021/01/11-14:09:09,1.60,43.10
2021/01/11-14:09:10,1.60,43.70
2021/01/11-14:09:11,1.70,44.50
2021/01/11-14:09:12,1.70,44.60
2021/01/11-14:09:13,1.70,46.30
2021/01/11-14:09:14,1.70,45.50
2021/01/11-14:09:15,1.80,47.10
2021/01/11-14:09:16,1.70,43.70
2021/01/11-14:09:17,1.70,45.10
2021/01/11-14:09:18,1.70,46.30
2021/01/11-14:09:19,1.80,47.70
2021/01/11-14:09:20,1.70,47.00
2021/01/11-14:09:21,1.90,47.10
2021/01/11-14:09:22,1.90,47.50
2021/01/11-14:09:23,1.90,48.20
2021/01/11-14:09:24,1.80,46.80
2021/01/11-14:09:25,1.80,44.50
2021/01/11-14:09:26,1.80,44.10
2021/01/11-14:09:27,1.80,43.70
2021/01/11-14:09:28,1.90,43.80
2021/01/11-14:09:29,1.80,42.40
2021/01/11-14:09:30,1.80,38.80
2021/01/11-14:09:31,1.80,38.30
2021/01/11-14:09:32,1.90,37.40
2021/01/11-14:09:33,1.90,37.50
2021/01/11-14:09:34,1.90,36.60
2021/01/11-14:09:35,1.90,38.70
2021/01/11-14:09:36,2.00,42.10
2021/01/11-14:09:37,1.90,37.40
2021/01/11-14:09:38,1.90,37.30
2021/01/11-14:09:39,1.90,38.70
2021/01/11-14:09:40,1.90,38.90
2021/01/11-14:09:41,1.90,37.90
2021/01/11-14:09:42,1.90,37.40
2021/01/11-14:09:43,1.80,36.30
2021/01/11-14:09:44,1.90,36.60
2021/01/11-14:09:45,1.80,35.40
2021/01/11-14:09:46,1.80,34.30
2021/01/11-14:09:47,1.80,31.70
2021/01/11-14:09:48,1.80,30.90
2021/01/11-14:09:49,1.70,29.10
2021/01/11-14:09:50,1.70,29.70
2021/01/11-14:09:51,1.60,28.90
2021/01/11-14:09:52,1.60,28.60
2021/01/11-14:09:53,1.60,28.20
2021/01/11-14:09:54,1.80,30.30
2021/01/11-14:09:55,1.80,30.40
2021/01/11-14:09:56,1.90,30.50
2021/01/11-14:09:57,1.80,29.90
2021/01/11-14:09:58,1.80,29.90
2021/01/11-14:09:59,1.90,30.60
2021/01/11-14:10:00,2.00,31.70
2021/01/11-14:10:01,1.90,31.00
2021/01/11-14:10:02,1.90,30.90
2021/01/11-14:10:03,1.90,30.20
2021/01/11-14:10:04,2.00,30.90
2021/01/11-14:10:05,2.10,30.40
2021/01/11-14:10:06,2.10,28.60
2021/01/11-14:10:07,2.10,29.10
2021/01/11-14:10:08,2.00,28.10
2021/01/11-14:10:09,2.10,27.30
2021/01/11-14:10:10,2.10,28.30
2021/01/11-14:10:11,2.10,29.30
2021/01/11-14:10:12,2.30,29.60
2021/01/11-14:10:13,2.30,28.90
2021/01/11-14:10:14,2.40,28.90
2021/01/11-14:10:15,2.40,28.90
2021/01/11-14:10:16,2.30,28.80
2021/01/11-14:10:17,2.40,31.90
2021/01/11-14:10:18,2.40,31.50
2021/01/11-14:10:19,2.40,32.40
2021/01/11-14:10:20,2.40,31.50
2021/01/11-14:10:21,2.40,31.70
2021/01/11-14:10:22,2.30,31.70
2021/01/11-14:10:23,2.30,32.60
2021/01/11-14:10:24,2.10,30.70
2021/01/11-14:10:25,2.10,30.40
2021/01/11-14:10:26,2.00,29.00
2021/01/11-14:10:27,2.00,29.20
2021/01/11-14:10:28,2.00,28.50
2021/01/11-14:10:29,1.90,28.40
2021/01/11-14:10:30,1.90,27.30
2021/01/11-14:10:31,2.00,27.20
2021/01/11-14:10:32,2.20,31.30
2021/01/11-14:10:33,2.10,29.80
2021/01/11-14:10:34,2.00,29.80
2021/01/11-14:10:35,1.90,28.60
2021/01/11-14:10:36,1.90,28.60
2021/01/11-14:10:37,1.90,29.20
2021/01/11-14:10:38,2.00,30.90
2021/01/11-14:10:39,2.00,31.10
2021/01/11-14:10:40,2.00,29.90
2021/01/11-14:10:41,2.00,28.70
2021/01/11-14:10:42,1.80,29.00
2021/01/11-14:10:43,1.70,29.40
2021/01/11-14:10:44,1.60,29.20
2021/01/11-14:10:45,1.70,28.50
2021/01/11-14:10:46,1.70,30.10
2021/01/11-14:10:47,1.60,26.90
2021/01/11-14:10:48,1.60,27.00
2021/01/11-14:10:49,1.60,25.90
2021/01/11-14:10:50,1.60,26.00
2021/01/11-14:10:51,1.60,27.10
2021/01/11-14:10:52,1.60,27.40
2021/01/11-14:10:53,1.60,26.70
2021/01/11-14:10:54,1.60,27.10
2021/01/11-14:10:55,1.60,27.20
2021/01/11-14:10:56,1.60,27.30
2021/01/11-14:10:57,1.60,28.60
2021/01/11-14:10:58,1.60,28.40
2021/01/11-14:10:59,1.60,28.50
2021/01/11-14:11:00,1.60,30.40
2021/01/11-14:11:01,1.60,31.10
2021/01/11-14:11:02,1.50,27.50
2021/01/11-14:11:03,1.60,27.50
2021/01/11-14:11:04,1.50,27.30
2021/01/11-14:11:05,1.60,27.70
2021/01/11-14:11:06,1.70,27.20
2021/01/11-14:11:07,1.70,26.20
2021/01/11-14:11:08,1.60,24.40
2021/01/11-14:11:09,1.60,23.50
2021/01/11-14:11:10,1.60,23.70
2021/01/11-14:11:11,1.50,23.20
2021/01/11-14:11:12,1.50,22.40
2021/01/11-14:11:13,1.50,22.20
2021/01/11-14:11:14,1.50,21.70
2021/01/11-14:11:15,1.40,22.50
2021/01/11-14:11:16,1.40,20.80
2021/01/11-14:11:17,1.40,21.50
2021/01/11-14:11:18,1.40,21.60
2021/01/11-14:11:19,1.40,22.40
2021/01/11-14:11:20,1.40,23.30
2021/01/11-14:11:21,1.40,21.90
2021/01/11-14:11:22,1.40,21.20
2021/01/11-14:11:23,1.40,21.30
2021/01/11-14:11:24,1.40,21.00
2021/01/11-14:11:25,1.40,20.30
2021/01/11-14:11:26,1.40,21.00
2021/01/11-14:11:27,1.40,19.60
2021/01/11-14:11:28,1.40,19.60
2021/01/11-14:11:29,1.40,19.00
2021/01/11-14:11:30,1.20,17.80
2021/01/11-14:11:31,1.20,17.20
2021/01/11-14:11:32,1.10,17.50
2021/01/11-14:11:33,1.00,17.00
2021/01/11-14:11:34,1.00,16.20
2021/01/11-14:11:35,0.90,15.30
2021/01/11-14:11:36,0.80,14.30
2021/01/11-14:11:37,0.80,14.50
2021/01/11-14:11:38,0.80,14.40
2021/01/11-14:11:39,0.80,15.10
2021/01/11-14:11:40,0.80,14.40
2021/01/11-14:11:41,0.80,15.00
2021/01/11-14:11:42,0.90,16.00
2021/01/11-14:11:43,0.90,15.50
2021/01/11-14:11:44,0.90,15.70
2021/01/11-14:11:45,1.00,15.40
2021/01/11-14:11:46,1.00,15.30
2021/01/11-14:11:47,0.90,14.60
2021/01/11-14:11:48,0.90,14.60
2021/01/11-14:11:49,0.90,14.50
2021/01/11-14:11:50,0.90,14.30
2021/01/11-14:11:51,0.90,14.20
2021/01/11-14:11:52,0.90,14.30
2021/01/11-14:11:53,0.90,14.50
2021/01/11-14:11:54,0.90,14.80
2021/01/11-14:11:55,1.00,15.90
2021/01/11-14:11:56,0.90,15.60
2021/01/11-14:11:57,1.00,17.90
2021/01/11-14:11:58,1.10,18.70
2021/01/11-14:11:59,1.10,18.40
2021/01/11-14:12:00,1.10,17.20
2021/01/11-14:12:01,1.10,17.10
2021/01/11-14:12:02,1.10,17.30
2021/01/11-14:12:03,1.10,17.30
2021/01/11-14:12:04,1.10,17.70
2021/01/11-14:12:05,1.20,17.90
2021/01/11-14:12:06,1.10,18.10
2021/01/11-14:12:07,1.10,18.30
2021/01/11-14:12:08,1.10,19.10
2021/01/11-14:12:09,1.10,19.40
2021/01/11-14:12:10,1.10,19.40
2021/01/11-14:12:11,1.10,18.90
2021/01/11-14:12:12,1.00,17.50
2021/01/11-14:12:13,1.00,17.50
2021/01/11-14:12:14,1.00,17.50
2021/01/11-14:12:15,1.00,19.60
2021/01/11-14:12:16,1.00,20.70
2021/01/11-14:12:17,1.00,20.60
2021/01/11-14:12:18,1.00,21.00
2021/01/11-14:12:19,1.00,20.50
2021/01/11-14:12:20,1.10,19.80
2021/01/11-14:12:21,1.20,20.30
2021/01/11-14:12:22,1.20,20.30
2021/01/11-14:12:23,1.20,19.50
2021/01/11-14:12:24,1.30,19.70
2021/01/11-14:12:25,1.30,19.30
2021/01/11-14:12:26,1.30,19.30
2021/01/11-14:12:27,1.20,17.30
2021/01/11-14:12:28,1.20,17.30
2021/01/11-14:12:29,1.10,17.30
2021/01/11-14:12:30,1.10,17.30
2021/01/11-14:12:31,1.10,17.30
2021/01/11-14:12:32,1.10,16.00
2021/01/11-14:12:33,1.10,17.50
2021/01/11-14:12:34,1.20,17.20
2021/01/11-14:12:35,1.20,17.70
2021/01/11-14:12:36,1.20,17.90
2021/01/11-14:12:37,1.20,17.30
2021/01/11-14:12:38,1.20,17.40
2021/01/11-14:12:39,1.20,16.90
2021/01/11-14:12:40,1.20,17.10
2021/01/11-14:12:41,1.20,17.60
2021/01/11-14:12:42,1.20,17.60
2021/01/11-14:12:43,1.20,17.20
2021/01/11-14:12:44,1.20,16.90
2021/01/11-14:12:45,1.10,14.00
2021/01/11-14:12:46,1.10,12.90
2021/01/11-14:12:47,1.10,12.90
2021/01/11-14:12:48,1.10,12.30
2021/01/11-14:12:49,1.10,11.30
2021/01/11-14:12:50,1.10,11.50
2021/01/11-14:12:51,1.10,11.60
2021/01/11-14:12:52,1.10,12.30
2021/01/11-14:12:53,1.10,12.70
2021/01/11-14:12:54,0.90,11.90
2021/01/11-14:12:55,0.90,11.30
2021/01/11-14:12:56,0.90,10.70
2021/01/11-14:12:57,0.90,10.40
2021/01/11-14:12:58,0.90,10.00
2021/01/11-14:12:59,0.90,10.40
2021/01/11-14:13:00,0.90,11.00
2021/01/11-14:13:01,0.90,11.20
2021/01/11-14:13:02,0.90,11.20
2021/01/11-14:13:03,0.90,11.20
2021/01/11-14:13:04,0.80,11.30
2021/01/11-14:13:05,0.80,10.70
2021/01/11-14:13:06,0.80,10.40
2021/01/11-14:13:07,0.80,10.60
2021/01/11-14:13:08,0.80,9.60
2021/01/11-14:13:09,0.80,9.10
2021/01/11-14:13:10,0.80,9.20
2021/01/11-14:13:11,0.80,8.80
2021/01/11-14:13:12,0.90,9.60
2021/01/11-14:13:13,0.90,10.70
2021/01/11-14:13:14,0.90,10.80
2021/01/11-14:13:15,0.90,11.00
2021/01/11-14:13:16,0.90,11.00
2021/01/11-14:13:17,0.90,11.70
2021/01/11-14:13:18,0.90,11.30
2021/01/11-14:13:19,0.90,11.70
2021/01/11-14:13:20,0.80,12.10
2021/01/11-14:13:21,0.80,11.50
2021/01/11-14:13:22,0.70,10.80
2021/01/11-14:13:23,0.70,11.20
2021/01/11-14:13:24,0.70,11.10
2021/01/11-14:13:25,0.70,11.00
2021/01/11-14:13:26,0.80,11.80
2021/01/11-14:13:27,0.80,11.80
2021/01/11-14:13:28,0.80,11.60
2021/01/11-14:13:29,0.80,11.80
2021/01/11-14:13:30,0.80,11.40
2021/01/11-14:13:31,0.80,11.40
2021/01/11-14:13:32,0.80,11.40
2021/01/11-14:13:33,0.80,10.00
2021/01/11-14:13:34,0.80,10.10
2021/01/11-14:13:35,0.80,9.90
2021/01/11-14:13:36,0.70,9.70
2021/01/11-14:13:37,0.70,9.50
2021/01/11-14:13:38,0.70,9.50
2021/01/11-14:13:39,0.70,9.40
2021/01/11-14:13:40,0.70,9.10
2021/01/11-14:13:41,0.70,9.00
2021/01/11-14:13:42,0.60,8.10
2021/01/11-14:13:43,0.60,6.80
2021/01/11-14:13:44,0.60,6.60
2021/01/11-14:13:45,0.60,7.10
2021/01/11-14:13:46,0.60,7.80
2021/01/11-14:13:47,0.60,8.50
2021/01/11-14:13:48,0.60,8.60
2021/01/11-14:13:49,0.60,8.20
2021/01/11-14:13:50,0.50,7.40
2021/01/11-14:13:51,0.50,7.50
2021/01/11-14:13:52,0.50,7.80
2021/01/11-14:13:53,0.50,7.70
2021/01/11-14:13:54,0.50,7.70
2021/01/11-14:13:55,0.50,7.90
2021/01/11-14:13:56,0.50,7.00
2021/01/11-14:13:57,0.50,7.30
2021/01/11-14:13:58,0.50,7.00
2021/01/11-14:13:59,0.50,6.50
2021/01/11-14:14:00,0.50,6.90
2021/01/11-14:14:01,0.50,6.30
2021/01/11-14:14:02,0.50,6.30
2021/01/11-14:14:03,0.50,6.30
2021/01/11-14:14:04,0.50,5.90
2021/01/11-14:14:05,0.50,6.00
2021/01/11-14:14:06,0.50,5.90
2021/01/11-14:14:07,0.50,5.90
2021/01/11-14:14:08,0.50,6.50
2021/01/11-14:14:09,0.40,6.60
2021/01/11-14:14:10,0.50,6.60
2021/01/11-14:14:11,0.50,7.50
2021/01/11-14:14:12,0.50,7.50
2021/01/11-14:14:13,0.50,8.30
2021/01/11-14:14:14,0.50,8.30
2021/01/11-14:14:15,0.50,8.20
2021/01/11-14:14:16,0.40,8.20
2021/01/11-14:14:17,0.40,6.90
2021/01/11-14:14:18,0.40,7.40
2021/01/11-14:14:19,0.40,8.00
2021/01/11-14:14:20,0.40,8.00
2021/01/11-14:14:21,0.40,7.90
2021/01/11-14:14:22,0.40,7.70
2021/01/11-14:14:23,0.40,6.90
2021/01/11-14:14:24,0.40,6.90
2021/01/11-14:14:25,0.40,6.70
2021/01/11-14:14:26,0.40,7.50
2021/01/11-14:14:27,0.40,7.50
2021/01/11-14:14:28,0.50,8.00
2021/01/11-14:14:29,0.50,8.50
2021/01/11-14:14:30,0.50,8.40
2021/01/11-14:14:31,0.50,8.50
2021/01/11-14:14:32,0.50,8.50
2021/01/11-14:14:33,0.50,8.70
2021/01/11-14:14:34,0.50,9.30
2021/01/11-14:14:35,0.50,9.30
2021/01/11-14:14:36,0.50,9.40
2021/01/11-14:14:37,0.50,9.50
2021/01/11-14:14:38,0.50,9.10
2021/01/11-14:14:39,0.60,9.40
2021/01/11-14:14:40,0.50,9.40
2021/01/11-14:14:41,0.50,8.30
2021/01/11-14:14:42,0.50,8.80
2021/01/11-14:14:43,0.50,8.10
2021/01/11-14:14:44,0.50,8.20
2021/01/11-14:14:45,0.50,7.60
2021/01/11-14:14:46,0.50,6.90
2021/01/11-14:14:47,0.60,6.90
2021/01/11-14:14:48,0.60,6.50
2021/01/11-14:14:49,0.50,5.90
2021/01/11-14:14:50,0.50,5.90
2021/01/11-14:14:51,0.60,6.30
2021/01/11-14:14:52,0.60,6.10
2021/01/11-14:14:53,0.60,6.90
2021/01/11-14:14:54,0.60,6.90
2021/01/11-14:14:55,0.60,7.40
2021/01/11-14:14:56,0.60,6.60
2021/01/11-14:14:57,0.50,6.40
2021/01/11-14:14:58,0.50,6.10
2021/01/11-14:14:59,0.50,6.20
2021/01/11-14:15:00,0.50,5.70
2021/01/11-14:15:01,0.50,5.50
2021/01/11-14:15:02,0.50,5.60
2021/01/11-14:15:03,0.40,5.30
2021/01/11-14:15:04,0.40,5.20
2021/01/11-14:15:05,0.40,5.30
2021/01/11-14:15:06,0.40,5.30
2021/01/11-14:15:07,0.40,5.30
2021/01/11-14:15:08,0.40,6.50
2021/01/11-14:15:09,0.40,6.70
2021/01/11-14:15:11,0.40,6.70
2021/01/11-14:15:12,0.40,6.70
2021/01/11-14:15:13,0.40,6.30
2021/01/11-14:15:14,0.40,6.10
2021/01/11-14:15:15,0.40,6.10
2021/01/11-14:15:16,0.40,6.00
2021/01/11-14:15:17,0.40,6.00
2021/01/11-14:15:18,0.40,6.00
2021/01/11-14:15:19,0.40,5.90
2021/01/11-14:15:20,0.40,6.50
2021/01/11-14:15:21,0.40,6.50
2021/01/11-14:15:22,0.30,6.20
2021/01/11-14:15:23,0.30,6.20
2021/01/11-14:15:24,0.30,5.40
2021/01/11-14:15:25,0.30,5.50
2021/01/11-14:15:26,0.30,5.00
2021/01/11-14:15:27,0.30,5.60
2021/01/11-14:15:28,0.30,5.70
2021/01/11-14:15:29,0.30,5.70
2021/01/11-14:15:30,0.30,5.00
2021/01/11-14:15:31,0.30,5.00
2021/01/11-14:15:32,0.30,5.00
2021/01/11-14:15:33,0.30,5.00
2021/01/11-14:15:34,0.30,5.00
2021/01/11-14:15:35,0.30,4.50
2021/01/11-14:15:36,0.30,4.90
2021/01/11-14:15:37,0.40,5.00
2021/01/11-14:15:38,0.40,4.90
2021/01/11-14:15:39,0.30,3.40
2021/01/11-14:15:40,0.30,2.80
2021/01/11-14:15:41,0.30,2.80
2021/01/11-14:15:42,0.30,2.80
2021/01/11-14:15:43,0.30,2.80
2021/01/11-14:15:44,0.40,3.00
2021/01/11-14:15:45,0.30,3.00
2021/01/11-14:15:46,0.40,3.00
2021/01/11-14:15:47,0.40,3.00
2021/01/11-14:15:48,0.40,3.40
2021/01/11-14:15:49,0.40,3.30
2021/01/11-14:15:50,0.40,2.70
2021/01/11-14:15:51,0.40,2.70
2021/01/11-14:15:52,0.40,3.40
2021/01/11-14:15:53,0.40,3.40
2021/01/11-14:15:54,0.40,3.40
2021/01/11-14:15:55,0.40,3.30
2021/01/11-14:15:56,0.40,3.30
2021/01/11-14:15:57,0.30,2.70
2021/01/11-14:15:58,0.30,2.60
2021/01/11-14:15:59,0.30,2.50
2021/01/11-14:16:00,0.40,2.50
2021/01/11-14:16:01,0.40,2.40
2021/01/11-14:16:02,0.30,2.40
2021/01/11-14:16:03,0.30,2.40
2021/01/11-14:16:04,0.30,2.40
2021/01/11-14:16:05,0.30,2.30
2021/01/11-14:16:06,0.30,2.20
2021/01/11-14:16:07,0.30,2.20
2021/01/11-14:16:08,0.30,2.20
2021/01/11-14:16:09,0.30,2.20
2021/01/11-14:16:10,0.30,2.20
2021/01/11-14:16:11,0.30,2.20
2021/01/11-14:16:12,0.30,2.20
2021/01/11-14:16:13,0.30,2.60
2021/01/11-14:16:14,0.30,2.60
2021/01/11-14:16:15,0.30,2.60
2021/01/11-14:16:16,0.30,2.60
2021/01/11-14:16:17,0.30,2.60
2021/01/11-14:16:18,0.30,2.10
2021/01/11-14:16:19,0.30,2.20
2021/01/11-14:16:20,0.40,2.20
2021/01/11-14:16:21,0.40,2.40
2021/01/11-14:16:22,0.40,1.70
2021/01/11-14:16:23,0.50,1.90
2021/01/11-14:16:24,0.60,2.40
2021/01/11-14:16:25,0.80,3.00
2021/01/11-14:16:26,1.00,3.90
2021/01/11-14:16:27,1.20,4.60
2021/01/11-14:16:28,1.40,5.40
2021/01/11-14:16:29,1.40,5.90
2021/01/11-14:16:30,1.50,6.40
2021/01/11-14:16:31,1.50,6.90
2021/01/11-14:16:32,1.50,6.90
2021/01/11-14:16:33,1.60,7.40
2021/01/11-14:16:34,1.60,7.50
2021/01/11-14:16:35,1.60,7.50
2021/01/11-14:16:36,1.70,7.40
2021/01/11-14:16:37,1.70,8.10
2021/01/11-14:16:38,1.80,8.20
2021/01/11-14:16:39,1.80,8.70
2021/01/11-14:16:40,1.90,9.20
2021/01/11-14:16:41,2.00,9.80
2021/01/11-14:16:42,2.20,10.90
2021/01/11-14:16:43,2.50,11.80
2021/01/11-14:16:44,2.70,12.70
2021/01/11-14:16:45,3.00,13.80
2021/01/11-14:16:46,3.30,15.10
2021/01/11-14:16:47,3.50,16.40
2021/01/11-14:16:48,3.70,17.80
2021/01/11-14:16:49,3.90,19.00
2021/01/11-14:16:50,4.20,20.90
2021/01/11-14:16:51,4.60,22.50
2021/01/11-14:16:52,4.80,23.80
2021/01/11-14:16:53,4.80,24.00
2021/01/11-14:16:54,4.90,25.30
2021/01/11-14:16:55,4.90,25.50
2021/01/11-14:16:56,4.90,25.00
2021/01/11-14:16:57,4.90,25.20
2021/01/11-14:16:58,5.10,27.00
2021/01/11-14:16:59,5.20,28.10
2021/01/11-14:17:00,5.30,28.30
2021/01/11-14:17:01,5.30,28.30
2021/01/11-14:17:02,5.50,29.20
2021/01/11-14:17:03,5.60,30.50
2021/01/11-14:17:04,5.80,31.50
2021/01/11-14:17:05,6.00,32.10
2021/01/11-14:17:06,6.10,33.20
2021/01/11-14:17:07,6.50,35.20
2021/01/11-14:17:08,6.70,36.00
2021/01/11-14:17:09,6.80,37.80
2021/01/11-14:17:10,7.00,38.70
2021/01/11-14:17:11,7.10,40.00
2021/01/11-14:17:12,7.20,39.90
2021/01/11-14:17:13,7.20,39.60
2021/01/11-14:17:14,7.20,38.90
2021/01/11-14:17:15,7.20,39.00
2021/01/11-14:17:16,7.30,41.90
2021/01/11-14:17:17,7.40,42.10
2021/01/11-14:17:18,7.60,42.60
2021/01/11-14:17:19,7.80,44.90
2021/01/11-14:17:20,7.70,45.20
2021/01/11-14:17:21,7.80,47.70
2021/01/11-14:17:22,8.00,48.80
2021/01/11-14:17:23,8.20,49.80
2021/01/11-14:17:24,8.10,49.10
2021/01/11-14:17:25,8.20,50.00
2021/01/11-14:17:26,8.50,51.80
2021/01/11-14:17:27,8.70,54.50
2021/01/11-14:17:28,8.80,56.00
2021/01/11-14:17:29,8.90,56.30
2021/01/11-14:17:30,9.10,57.30
2021/01/11-14:17:31,9.20,60.40
2021/01/11-14:17:32,9.50,60.50
2021/01/11-14:17:33,9.70,60.90
2021/01/11-14:17:34,10.20,63.70
2021/01/11-14:17:35,10.60,67.30
2021/01/11-14:17:36,11.20,71.30
2021/01/11-14:17:37,11.60,73.40
2021/01/11-14:17:38,11.90,77.10
2021/01/11-14:17:39,12.00,77.30
2021/01/11-14:17:40,12.10,78.50
2021/01/11-14:17:41,12.40,79.20
2021/01/11-14:17:42,12.70,80.70
2021/01/11-14:17:43,13.10,84.90
2021/01/11-14:17:44,13.40,86.80
2021/01/11-14:17:45,13.60,89.40
2021/01/11-14:17:46,13.70,90.10
2021/01/11-14:17:47,13.70,92.10
2021/01/11-14:17:48,13.70,93.20
2021/01/11-14:17:49,13.70,93.90
2021/01/11-14:17:50,13.80,95.20
2021/01/11-14:17:51,13.60,93.10
2021/01/11-14:17:52,13.70,93.20
2021/01/11-14:17:53,13.90,94.30
2021/01/11-14:17:54,14.00,95.00
2021/01/11-14:17:55,14.00,97.10
2021/01/11-14:17:56,13.70,95.70
2021/01/11-14:17:57,13.50,93.80
2021/01/11-14:17:58,13.40,90.60
2021/01/11-14:17:59,13.30,89.40
2021/01/11-14:18:00,13.30,90.40
2021/01/11-14:18:01,13.30,88.10
2021/01/11-14:18:02,13.20,90.50
2021/01/11-14:18:03,12.90,90.20
2021/01/11-14:18:04,12.50,88.80
2021/01/11-14:18:05,12.10,87.20
2021/01/11-14:18:06,11.60,83.90
2021/01/11-14:18:07,11.10,80.80
2021/01/11-14:18:08,10.70,76.70
2021/01/11-14:18:09,10.60,76.20
2021/01/11-14:18:10,10.50,74.60
2021/01/11-14:18:11,11.30,79.00
2021/01/11-14:18:12,11.30,79.10
2021/01/11-14:18:13,10.90,76.10
2021/01/11-14:18:14,10.80,76.30
2021/01/11-14:18:15,10.90,74.00
2021/01/11-14:18:16,10.70,70.90
2021/01/11-14:18:17,10.70,68.50
2021/01/11-14:18:18,10.60,66.90
2021/01/11-14:18:19,10.50,63.70
2021/01/11-14:18:20,10.40,62.20
2021/01/11-14:18:21,10.30,60.70
2021/01/11-14:18:22,10.10,59.60
2021/01/11-14:18:23,9.80,58.80
2021/01/11-14:18:24,9.70,58.40
2021/01/11-14:18:25,9.60,56.50
2021/01/11-14:18:26,9.80,57.10
2021/01/11-14:18:27,9.90,57.40
2021/01/11-14:18:28,9.80,57.80
2021/01/11-14:18:29,9.90,58.60
2021/01/11-14:18:30,10.00,57.50
2021/01/11-14:18:31,10.00,57.70
2021/01/11-14:18:32,10.00,56.60
2021/01/11-14:18:33,10.60,59.90
2021/01/11-14:18:34,10.70,60.80
2021/01/11-14:18:35,10.80,59.80
2021/01/11-14:18:36,10.60,59.10
2021/01/11-14:18:37,10.60,58.30
2021/01/11-14:18:38,10.80,59.50
2021/01/11-14:18:39,10.90,59.60
2021/01/11-14:18:40,10.90,59.80
2021/01/11-14:18:41,9.90,53.90
2021/01/11-14:18:42,9.60,52.20
2021/01/11-14:18:43,9.50,51.30
2021/01/11-14:18:44,9.30,49.90
2021/01/11-14:18:45,9.00,50.50
2021/01/11-14:18:46,8.90,49.60
2021/01/11-14:18:47,8.80,49.40
2021/01/11-14:18:48,8.70,49.30
2021/01/11-14:18:49,8.70,49.90
2021/01/11-14:18:50,8.50,49.70
2021/01/11-14:18:51,8.60,52.50
2021/01/11-14:18:52,8.70,52.20
2021/01/11-14:18:53,8.70,52.40
2021/01/11-14:18:54,8.70,53.20
2021/01/11-14:18:55,8.70,52.90
2021/01/11-14:18:56,8.60,52.90
2021/01/11-14:18:57,8.60,53.30
2021/01/11-14:18:58,8.60,52.50
2021/01/11-14:18:59,8.60,52.10
2021/01/11-14:19:00,8.40,51.90
2021